{
    "RandomForest": {
        "accuracy": 0.9076923076923077,
        "precision": 0.8571428571428571,
        "recall": 0.75,
        "f1_score": 0.8,
        "training_time": 0.232086181640625,
        "model_path": "/Users/daniilgldyshev/Desktop/CorgPhish/backend/classifier/models/randomforest_ru.pkl",
        "roc_auc": 0.9821428571428571
    },
    "XGBoost": {
        "accuracy": 0.9076923076923077,
        "precision": 0.8571428571428571,
        "recall": 0.75,
        "f1_score": 0.8,
        "training_time": 0.22181320190429688,
        "model_path": "/Users/daniilgldyshev/Desktop/CorgPhish/backend/classifier/models/xgboost_ru.pkl",
        "roc_auc": 0.9757653061224489
    }
}